ID,Name,Nexus_File,rooted,type,method,scaling,Source
posterior-1,STATE_4925000,posterior.trees,true,sample,bayesian,none,Robinson_2012
posterior-2,STATE_7224000,posterior.trees,true,sample,bayesian,none,Robinson_2012
posterior-3,STATE_7990000,posterior.trees,true,sample,bayesian,none,Robinson_2012
posterior-4,STATE_9700000,posterior.trees,true,sample,bayesian,none,Robinson_2012
posterior-5,STATE_2850000,posterior.trees,true,sample,bayesian,none,Robinson_2012
posterior-6,STATE_7265000,posterior.trees,true,sample,bayesian,none,Robinson_2012
posterior-7,STATE_4385000,posterior.trees,true,sample,bayesian,none,Robinson_2012
posterior-8,STATE_5771000,posterior.trees,true,sample,bayesian,none,Robinson_2012
posterior-9,STATE_4795000,posterior.trees,true,sample,bayesian,none,Robinson_2012
posterior-10,STATE_4611000,posterior.trees,true,sample,bayesian,none,Robinson_2012
posterior-11,STATE_5997000,posterior.trees,true,sample,bayesian,none,Robinson_2012
posterior-12,STATE_5902000,posterior.trees,true,sample,bayesian,none,Robinson_2012
posterior-13,STATE_9159000,posterior.trees,true,sample,bayesian,none,Robinson_2012
posterior-14,STATE_6715000,posterior.trees,true,sample,bayesian,none,Robinson_2012
posterior-15,STATE_5265000,posterior.trees,true,sample,bayesian,none,Robinson_2012
posterior-16,STATE_6944000,posterior.trees,true,sample,bayesian,none,Robinson_2012
posterior-17,STATE_6495000,posterior.trees,true,sample,bayesian,none,Robinson_2012
posterior-18,STATE_4557000,posterior.trees,true,sample,bayesian,none,Robinson_2012
posterior-19,STATE_8148000,posterior.trees,true,sample,bayesian,none,Robinson_2012
posterior-20,STATE_2838000,posterior.trees,true,sample,bayesian,none,Robinson_2012
posterior-21,STATE_6387000,posterior.trees,true,sample,bayesian,none,Robinson_2012
posterior-22,STATE_7397000,posterior.trees,true,sample,bayesian,none,Robinson_2012
posterior-23,STATE_2201000,posterior.trees,true,sample,bayesian,none,Robinson_2012
posterior-24,STATE_8409000,posterior.trees,true,sample,bayesian,none,Robinson_2012
posterior-25,STATE_7726000,posterior.trees,true,sample,bayesian,none,Robinson_2012
posterior-26,STATE_2528000,posterior.trees,true,sample,bayesian,none,Robinson_2012
posterior-27,STATE_5108000,posterior.trees,true,sample,bayesian,none,Robinson_2012
posterior-28,STATE_8131000,posterior.trees,true,sample,bayesian,none,Robinson_2012
posterior-29,STATE_3435000,posterior.trees,true,sample,bayesian,none,Robinson_2012
posterior-30,STATE_7217000,posterior.trees,true,sample,bayesian,none,Robinson_2012
posterior-31,STATE_1792000,posterior.trees,true,sample,bayesian,none,Robinson_2012
posterior-32,STATE_7778000,posterior.trees,true,sample,bayesian,none,Robinson_2012
posterior-33,STATE_2043000,posterior.trees,true,sample,bayesian,none,Robinson_2012
posterior-34,STATE_8215000,posterior.trees,true,sample,bayesian,none,Robinson_2012
posterior-35,STATE_3604000,posterior.trees,true,sample,bayesian,none,Robinson_2012
posterior-36,STATE_5575000,posterior.trees,true,sample,bayesian,none,Robinson_2012
posterior-37,STATE_4675000,posterior.trees,true,sample,bayesian,none,Robinson_2012
posterior-38,STATE_9672000,posterior.trees,true,sample,bayesian,none,Robinson_2012
posterior-39,STATE_5414000,posterior.trees,true,sample,bayesian,none,Robinson_2012
posterior-40,STATE_9538000,posterior.trees,true,sample,bayesian,none,Robinson_2012
posterior-41,STATE_1761000,posterior.trees,true,sample,bayesian,none,Robinson_2012
posterior-42,STATE_6417000,posterior.trees,true,sample,bayesian,none,Robinson_2012
posterior-43,STATE_9251000,posterior.trees,true,sample,bayesian,none,Robinson_2012
posterior-44,STATE_9483000,posterior.trees,true,sample,bayesian,none,Robinson_2012
posterior-45,STATE_3297000,posterior.trees,true,sample,bayesian,none,Robinson_2012
posterior-46,STATE_8588000,posterior.trees,true,sample,bayesian,none,Robinson_2012
posterior-47,STATE_5663000,posterior.trees,true,sample,bayesian,none,Robinson_2012
posterior-48,STATE_9109000,posterior.trees,true,sample,bayesian,none,Robinson_2012
posterior-49,STATE_9769000,posterior.trees,true,sample,bayesian,none,Robinson_2012
posterior-50,STATE_7998000,posterior.trees,true,sample,bayesian,none,Robinson_2012
posterior-51,STATE_8291000,posterior.trees,true,sample,bayesian,none,Robinson_2012
posterior-52,STATE_5198000,posterior.trees,true,sample,bayesian,none,Robinson_2012
posterior-53,STATE_3595000,posterior.trees,true,sample,bayesian,none,Robinson_2012
posterior-54,STATE_1924000,posterior.trees,true,sample,bayesian,none,Robinson_2012
posterior-55,STATE_6985000,posterior.trees,true,sample,bayesian,none,Robinson_2012
posterior-56,STATE_1814000,posterior.trees,true,sample,bayesian,none,Robinson_2012
posterior-57,STATE_1480000,posterior.trees,true,sample,bayesian,none,Robinson_2012
posterior-58,STATE_8830000,posterior.trees,true,sample,bayesian,none,Robinson_2012
posterior-59,STATE_8458000,posterior.trees,true,sample,bayesian,none,Robinson_2012
posterior-60,STATE_4141000,posterior.trees,true,sample,bayesian,none,Robinson_2012
posterior-61,STATE_4051000,posterior.trees,true,sample,bayesian,none,Robinson_2012
posterior-62,STATE_5820000,posterior.trees,true,sample,bayesian,none,Robinson_2012
posterior-63,STATE_7287000,posterior.trees,true,sample,bayesian,none,Robinson_2012
posterior-64,STATE_9128000,posterior.trees,true,sample,bayesian,none,Robinson_2012
posterior-65,STATE_9407000,posterior.trees,true,sample,bayesian,none,Robinson_2012
posterior-66,STATE_5842000,posterior.trees,true,sample,bayesian,none,Robinson_2012
posterior-67,STATE_1119000,posterior.trees,true,sample,bayesian,none,Robinson_2012
posterior-68,STATE_1216000,posterior.trees,true,sample,bayesian,none,Robinson_2012
posterior-69,STATE_1471000,posterior.trees,true,sample,bayesian,none,Robinson_2012
posterior-70,STATE_2230000,posterior.trees,true,sample,bayesian,none,Robinson_2012
posterior-71,STATE_2497000,posterior.trees,true,sample,bayesian,none,Robinson_2012
posterior-72,STATE_5516000,posterior.trees,true,sample,bayesian,none,Robinson_2012
posterior-73,STATE_9541000,posterior.trees,true,sample,bayesian,none,Robinson_2012
posterior-74,STATE_4057000,posterior.trees,true,sample,bayesian,none,Robinson_2012
posterior-75,STATE_1606000,posterior.trees,true,sample,bayesian,none,Robinson_2012
posterior-76,STATE_5485000,posterior.trees,true,sample,bayesian,none,Robinson_2012
posterior-77,STATE_1984000,posterior.trees,true,sample,bayesian,none,Robinson_2012
posterior-78,STATE_9102000,posterior.trees,true,sample,bayesian,none,Robinson_2012
posterior-79,STATE_3098000,posterior.trees,true,sample,bayesian,none,Robinson_2012
posterior-80,STATE_8605000,posterior.trees,true,sample,bayesian,none,Robinson_2012
posterior-81,STATE_9260000,posterior.trees,true,sample,bayesian,none,Robinson_2012
posterior-82,STATE_2988000,posterior.trees,true,sample,bayesian,none,Robinson_2012
posterior-83,STATE_1481000,posterior.trees,true,sample,bayesian,none,Robinson_2012
posterior-84,STATE_9089000,posterior.trees,true,sample,bayesian,none,Robinson_2012
posterior-85,STATE_9458000,posterior.trees,true,sample,bayesian,none,Robinson_2012
posterior-86,STATE_3035000,posterior.trees,true,sample,bayesian,none,Robinson_2012
posterior-87,STATE_4498000,posterior.trees,true,sample,bayesian,none,Robinson_2012
posterior-88,STATE_2481000,posterior.trees,true,sample,bayesian,none,Robinson_2012
posterior-89,STATE_4242000,posterior.trees,true,sample,bayesian,none,Robinson_2012
posterior-90,STATE_1506000,posterior.trees,true,sample,bayesian,none,Robinson_2012
posterior-91,STATE_8163000,posterior.trees,true,sample,bayesian,none,Robinson_2012
posterior-92,STATE_6952000,posterior.trees,true,sample,bayesian,none,Robinson_2012
posterior-93,STATE_5469000,posterior.trees,true,sample,bayesian,none,Robinson_2012
posterior-94,STATE_1368000,posterior.trees,true,sample,bayesian,none,Robinson_2012
posterior-95,STATE_5444000,posterior.trees,true,sample,bayesian,none,Robinson_2012
posterior-96,STATE_2799000,posterior.trees,true,sample,bayesian,none,Robinson_2012
posterior-97,STATE_1447000,posterior.trees,true,sample,bayesian,none,Robinson_2012
posterior-98,STATE_1666000,posterior.trees,true,sample,bayesian,none,Robinson_2012
posterior-99,STATE_8913000,posterior.trees,true,sample,bayesian,none,Robinson_2012
posterior-100,STATE_5717000,posterior.trees,true,sample,bayesian,none,Robinson_2012
posterior-101,STATE_9922000,posterior.trees,true,sample,bayesian,none,Robinson_2012
posterior-102,STATE_9397000,posterior.trees,true,sample,bayesian,none,Robinson_2012
posterior-103,STATE_4667000,posterior.trees,true,sample,bayesian,none,Robinson_2012
posterior-104,STATE_9891000,posterior.trees,true,sample,bayesian,none,Robinson_2012
posterior-105,STATE_1213000,posterior.trees,true,sample,bayesian,none,Robinson_2012
posterior-106,STATE_9974000,posterior.trees,true,sample,bayesian,none,Robinson_2012
posterior-107,STATE_9761000,posterior.trees,true,sample,bayesian,none,Robinson_2012
posterior-108,STATE_9194000,posterior.trees,true,sample,bayesian,none,Robinson_2012
posterior-109,STATE_6023000,posterior.trees,true,sample,bayesian,none,Robinson_2012
posterior-110,STATE_9121000,posterior.trees,true,sample,bayesian,none,Robinson_2012
posterior-111,STATE_5106000,posterior.trees,true,sample,bayesian,none,Robinson_2012
posterior-112,STATE_6181000,posterior.trees,true,sample,bayesian,none,Robinson_2012
posterior-113,STATE_9410000,posterior.trees,true,sample,bayesian,none,Robinson_2012
posterior-114,STATE_1574000,posterior.trees,true,sample,bayesian,none,Robinson_2012
posterior-115,STATE_2136000,posterior.trees,true,sample,bayesian,none,Robinson_2012
posterior-116,STATE_6284000,posterior.trees,true,sample,bayesian,none,Robinson_2012
posterior-117,STATE_4061000,posterior.trees,true,sample,bayesian,none,Robinson_2012
posterior-118,STATE_8189000,posterior.trees,true,sample,bayesian,none,Robinson_2012
posterior-119,STATE_7230000,posterior.trees,true,sample,bayesian,none,Robinson_2012
posterior-120,STATE_5812000,posterior.trees,true,sample,bayesian,none,Robinson_2012
posterior-121,STATE_5348000,posterior.trees,true,sample,bayesian,none,Robinson_2012
posterior-122,STATE_8776000,posterior.trees,true,sample,bayesian,none,Robinson_2012
posterior-123,STATE_7592000,posterior.trees,true,sample,bayesian,none,Robinson_2012
posterior-124,STATE_7590000,posterior.trees,true,sample,bayesian,none,Robinson_2012
posterior-125,STATE_8587000,posterior.trees,true,sample,bayesian,none,Robinson_2012
posterior-126,STATE_3982000,posterior.trees,true,sample,bayesian,none,Robinson_2012
posterior-127,STATE_4550000,posterior.trees,true,sample,bayesian,none,Robinson_2012
posterior-128,STATE_7390000,posterior.trees,true,sample,bayesian,none,Robinson_2012
posterior-129,STATE_5008000,posterior.trees,true,sample,bayesian,none,Robinson_2012
posterior-130,STATE_2678000,posterior.trees,true,sample,bayesian,none,Robinson_2012
posterior-131,STATE_1360000,posterior.trees,true,sample,bayesian,none,Robinson_2012
posterior-132,STATE_2574000,posterior.trees,true,sample,bayesian,none,Robinson_2012
posterior-133,STATE_7168000,posterior.trees,true,sample,bayesian,none,Robinson_2012
posterior-134,STATE_5479000,posterior.trees,true,sample,bayesian,none,Robinson_2012
posterior-135,STATE_1683000,posterior.trees,true,sample,bayesian,none,Robinson_2012
posterior-136,STATE_3241000,posterior.trees,true,sample,bayesian,none,Robinson_2012
posterior-137,STATE_7137000,posterior.trees,true,sample,bayesian,none,Robinson_2012
posterior-138,STATE_9750000,posterior.trees,true,sample,bayesian,none,Robinson_2012
posterior-139,STATE_4411000,posterior.trees,true,sample,bayesian,none,Robinson_2012
posterior-140,STATE_6310000,posterior.trees,true,sample,bayesian,none,Robinson_2012
posterior-141,STATE_6475000,posterior.trees,true,sample,bayesian,none,Robinson_2012
posterior-142,STATE_7109000,posterior.trees,true,sample,bayesian,none,Robinson_2012
posterior-143,STATE_2075000,posterior.trees,true,sample,bayesian,none,Robinson_2012
posterior-144,STATE_5179000,posterior.trees,true,sample,bayesian,none,Robinson_2012
posterior-145,STATE_2499000,posterior.trees,true,sample,bayesian,none,Robinson_2012
posterior-146,STATE_1847000,posterior.trees,true,sample,bayesian,none,Robinson_2012
posterior-147,STATE_9288000,posterior.trees,true,sample,bayesian,none,Robinson_2012
posterior-148,STATE_4239000,posterior.trees,true,sample,bayesian,none,Robinson_2012
posterior-149,STATE_5384000,posterior.trees,true,sample,bayesian,none,Robinson_2012
posterior-150,STATE_2590000,posterior.trees,true,sample,bayesian,none,Robinson_2012
posterior-151,STATE_1567000,posterior.trees,true,sample,bayesian,none,Robinson_2012
posterior-152,STATE_1846000,posterior.trees,true,sample,bayesian,none,Robinson_2012
posterior-153,STATE_6138000,posterior.trees,true,sample,bayesian,none,Robinson_2012
posterior-154,STATE_6922000,posterior.trees,true,sample,bayesian,none,Robinson_2012
posterior-155,STATE_5517000,posterior.trees,true,sample,bayesian,none,Robinson_2012
posterior-156,STATE_2955000,posterior.trees,true,sample,bayesian,none,Robinson_2012
posterior-157,STATE_1798000,posterior.trees,true,sample,bayesian,none,Robinson_2012
posterior-158,STATE_8681000,posterior.trees,true,sample,bayesian,none,Robinson_2012
posterior-159,STATE_3971000,posterior.trees,true,sample,bayesian,none,Robinson_2012
posterior-160,STATE_8435000,posterior.trees,true,sample,bayesian,none,Robinson_2012
posterior-161,STATE_1601000,posterior.trees,true,sample,bayesian,none,Robinson_2012
posterior-162,STATE_5170000,posterior.trees,true,sample,bayesian,none,Robinson_2012
posterior-163,STATE_9347000,posterior.trees,true,sample,bayesian,none,Robinson_2012
posterior-164,STATE_8442000,posterior.trees,true,sample,bayesian,none,Robinson_2012
posterior-165,STATE_7371000,posterior.trees,true,sample,bayesian,none,Robinson_2012
posterior-166,STATE_8353000,posterior.trees,true,sample,bayesian,none,Robinson_2012
posterior-167,STATE_2024000,posterior.trees,true,sample,bayesian,none,Robinson_2012
posterior-168,STATE_2934000,posterior.trees,true,sample,bayesian,none,Robinson_2012
posterior-169,STATE_7187000,posterior.trees,true,sample,bayesian,none,Robinson_2012
posterior-170,STATE_8247000,posterior.trees,true,sample,bayesian,none,Robinson_2012
posterior-171,STATE_6841000,posterior.trees,true,sample,bayesian,none,Robinson_2012
posterior-172,STATE_9367000,posterior.trees,true,sample,bayesian,none,Robinson_2012
posterior-173,STATE_3485000,posterior.trees,true,sample,bayesian,none,Robinson_2012
posterior-174,STATE_8455000,posterior.trees,true,sample,bayesian,none,Robinson_2012
posterior-175,STATE_6642000,posterior.trees,true,sample,bayesian,none,Robinson_2012
posterior-176,STATE_5995000,posterior.trees,true,sample,bayesian,none,Robinson_2012
posterior-177,STATE_6282000,posterior.trees,true,sample,bayesian,none,Robinson_2012
posterior-178,STATE_2538000,posterior.trees,true,sample,bayesian,none,Robinson_2012
posterior-179,STATE_8336000,posterior.trees,true,sample,bayesian,none,Robinson_2012
posterior-180,STATE_2302000,posterior.trees,true,sample,bayesian,none,Robinson_2012
posterior-181,STATE_2338000,posterior.trees,true,sample,bayesian,none,Robinson_2012
posterior-182,STATE_1026000,posterior.trees,true,sample,bayesian,none,Robinson_2012
posterior-183,STATE_4844000,posterior.trees,true,sample,bayesian,none,Robinson_2012
posterior-184,STATE_5129000,posterior.trees,true,sample,bayesian,none,Robinson_2012
posterior-185,STATE_1342000,posterior.trees,true,sample,bayesian,none,Robinson_2012
posterior-186,STATE_3221000,posterior.trees,true,sample,bayesian,none,Robinson_2012
posterior-187,STATE_2016000,posterior.trees,true,sample,bayesian,none,Robinson_2012
posterior-188,STATE_3763000,posterior.trees,true,sample,bayesian,none,Robinson_2012
posterior-189,STATE_2659000,posterior.trees,true,sample,bayesian,none,Robinson_2012
posterior-190,STATE_9390000,posterior.trees,true,sample,bayesian,none,Robinson_2012
posterior-191,STATE_2298000,posterior.trees,true,sample,bayesian,none,Robinson_2012
posterior-192,STATE_7759000,posterior.trees,true,sample,bayesian,none,Robinson_2012
posterior-193,STATE_3354000,posterior.trees,true,sample,bayesian,none,Robinson_2012
posterior-194,STATE_7523000,posterior.trees,true,sample,bayesian,none,Robinson_2012
posterior-195,STATE_7344000,posterior.trees,true,sample,bayesian,none,Robinson_2012
posterior-196,STATE_5340000,posterior.trees,true,sample,bayesian,none,Robinson_2012
posterior-197,STATE_4072000,posterior.trees,true,sample,bayesian,none,Robinson_2012
posterior-198,STATE_2641000,posterior.trees,true,sample,bayesian,none,Robinson_2012
posterior-199,STATE_3583000,posterior.trees,true,sample,bayesian,none,Robinson_2012
posterior-200,STATE_9235000,posterior.trees,true,sample,bayesian,none,Robinson_2012
posterior-201,STATE_7922000,posterior.trees,true,sample,bayesian,none,Robinson_2012
posterior-202,STATE_4055000,posterior.trees,true,sample,bayesian,none,Robinson_2012
posterior-203,STATE_9353000,posterior.trees,true,sample,bayesian,none,Robinson_2012
posterior-204,STATE_7820000,posterior.trees,true,sample,bayesian,none,Robinson_2012
posterior-205,STATE_6047000,posterior.trees,true,sample,bayesian,none,Robinson_2012
posterior-206,STATE_5247000,posterior.trees,true,sample,bayesian,none,Robinson_2012
posterior-207,STATE_3731000,posterior.trees,true,sample,bayesian,none,Robinson_2012
posterior-208,STATE_6541000,posterior.trees,true,sample,bayesian,none,Robinson_2012
posterior-209,STATE_1691000,posterior.trees,true,sample,bayesian,none,Robinson_2012
posterior-210,STATE_3006000,posterior.trees,true,sample,bayesian,none,Robinson_2012
posterior-211,STATE_1522000,posterior.trees,true,sample,bayesian,none,Robinson_2012
posterior-212,STATE_2493000,posterior.trees,true,sample,bayesian,none,Robinson_2012
posterior-213,STATE_2316000,posterior.trees,true,sample,bayesian,none,Robinson_2012
posterior-214,STATE_9985000,posterior.trees,true,sample,bayesian,none,Robinson_2012
posterior-215,STATE_9684000,posterior.trees,true,sample,bayesian,none,Robinson_2012
posterior-216,STATE_7102000,posterior.trees,true,sample,bayesian,none,Robinson_2012
posterior-217,STATE_4933000,posterior.trees,true,sample,bayesian,none,Robinson_2012
posterior-218,STATE_7925000,posterior.trees,true,sample,bayesian,none,Robinson_2012
posterior-219,STATE_4837000,posterior.trees,true,sample,bayesian,none,Robinson_2012
posterior-220,STATE_4418000,posterior.trees,true,sample,bayesian,none,Robinson_2012
posterior-221,STATE_6809000,posterior.trees,true,sample,bayesian,none,Robinson_2012
posterior-222,STATE_5493000,posterior.trees,true,sample,bayesian,none,Robinson_2012
posterior-223,STATE_5565000,posterior.trees,true,sample,bayesian,none,Robinson_2012
posterior-224,STATE_4469000,posterior.trees,true,sample,bayesian,none,Robinson_2012
posterior-225,STATE_3603000,posterior.trees,true,sample,bayesian,none,Robinson_2012
posterior-226,STATE_8943000,posterior.trees,true,sample,bayesian,none,Robinson_2012
posterior-227,STATE_3427000,posterior.trees,true,sample,bayesian,none,Robinson_2012
posterior-228,STATE_6323000,posterior.trees,true,sample,bayesian,none,Robinson_2012
posterior-229,STATE_6237000,posterior.trees,true,sample,bayesian,none,Robinson_2012
posterior-230,STATE_6691000,posterior.trees,true,sample,bayesian,none,Robinson_2012
posterior-231,STATE_2688000,posterior.trees,true,sample,bayesian,none,Robinson_2012
posterior-232,STATE_2166000,posterior.trees,true,sample,bayesian,none,Robinson_2012
posterior-233,STATE_4143000,posterior.trees,true,sample,bayesian,none,Robinson_2012
posterior-234,STATE_4337000,posterior.trees,true,sample,bayesian,none,Robinson_2012
posterior-235,STATE_8672000,posterior.trees,true,sample,bayesian,none,Robinson_2012
posterior-236,STATE_8452000,posterior.trees,true,sample,bayesian,none,Robinson_2012
posterior-237,STATE_3959000,posterior.trees,true,sample,bayesian,none,Robinson_2012
posterior-238,STATE_3347000,posterior.trees,true,sample,bayesian,none,Robinson_2012
posterior-239,STATE_2366000,posterior.trees,true,sample,bayesian,none,Robinson_2012
posterior-240,STATE_8468000,posterior.trees,true,sample,bayesian,none,Robinson_2012
posterior-241,STATE_1722000,posterior.trees,true,sample,bayesian,none,Robinson_2012
posterior-242,STATE_6594000,posterior.trees,true,sample,bayesian,none,Robinson_2012
posterior-243,STATE_2525000,posterior.trees,true,sample,bayesian,none,Robinson_2012
posterior-244,STATE_6287000,posterior.trees,true,sample,bayesian,none,Robinson_2012
posterior-245,STATE_3041000,posterior.trees,true,sample,bayesian,none,Robinson_2012
posterior-246,STATE_6033000,posterior.trees,true,sample,bayesian,none,Robinson_2012
posterior-247,STATE_4930000,posterior.trees,true,sample,bayesian,none,Robinson_2012
posterior-248,STATE_6268000,posterior.trees,true,sample,bayesian,none,Robinson_2012
posterior-249,STATE_1685000,posterior.trees,true,sample,bayesian,none,Robinson_2012
posterior-250,STATE_3244000,posterior.trees,true,sample,bayesian,none,Robinson_2012
posterior-251,STATE_1020000,posterior.trees,true,sample,bayesian,none,Robinson_2012
posterior-252,STATE_4335000,posterior.trees,true,sample,bayesian,none,Robinson_2012
posterior-253,STATE_3525000,posterior.trees,true,sample,bayesian,none,Robinson_2012
posterior-254,STATE_8432000,posterior.trees,true,sample,bayesian,none,Robinson_2012
posterior-255,STATE_3677000,posterior.trees,true,sample,bayesian,none,Robinson_2012
posterior-256,STATE_1424000,posterior.trees,true,sample,bayesian,none,Robinson_2012
posterior-257,STATE_3615000,posterior.trees,true,sample,bayesian,none,Robinson_2012
posterior-258,STATE_6634000,posterior.trees,true,sample,bayesian,none,Robinson_2012
posterior-259,STATE_5741000,posterior.trees,true,sample,bayesian,none,Robinson_2012
posterior-260,STATE_8415000,posterior.trees,true,sample,bayesian,none,Robinson_2012
posterior-261,STATE_8799000,posterior.trees,true,sample,bayesian,none,Robinson_2012
posterior-262,STATE_8850000,posterior.trees,true,sample,bayesian,none,Robinson_2012
posterior-263,STATE_4944000,posterior.trees,true,sample,bayesian,none,Robinson_2012
posterior-264,STATE_7912000,posterior.trees,true,sample,bayesian,none,Robinson_2012
posterior-265,STATE_5991000,posterior.trees,true,sample,bayesian,none,Robinson_2012
posterior-266,STATE_1046000,posterior.trees,true,sample,bayesian,none,Robinson_2012
posterior-267,STATE_2236000,posterior.trees,true,sample,bayesian,none,Robinson_2012
posterior-268,STATE_9862000,posterior.trees,true,sample,bayesian,none,Robinson_2012
posterior-269,STATE_1040000,posterior.trees,true,sample,bayesian,none,Robinson_2012
posterior-270,STATE_8568000,posterior.trees,true,sample,bayesian,none,Robinson_2012
posterior-271,STATE_5839000,posterior.trees,true,sample,bayesian,none,Robinson_2012
posterior-272,STATE_6616000,posterior.trees,true,sample,bayesian,none,Robinson_2012
posterior-273,STATE_5934000,posterior.trees,true,sample,bayesian,none,Robinson_2012
posterior-274,STATE_2060000,posterior.trees,true,sample,bayesian,none,Robinson_2012
posterior-275,STATE_6455000,posterior.trees,true,sample,bayesian,none,Robinson_2012
posterior-276,STATE_1013000,posterior.trees,true,sample,bayesian,none,Robinson_2012
posterior-277,STATE_2001000,posterior.trees,true,sample,bayesian,none,Robinson_2012
posterior-278,STATE_6821000,posterior.trees,true,sample,bayesian,none,Robinson_2012
posterior-279,STATE_6597000,posterior.trees,true,sample,bayesian,none,Robinson_2012
posterior-280,STATE_9984000,posterior.trees,true,sample,bayesian,none,Robinson_2012
posterior-281,STATE_8308000,posterior.trees,true,sample,bayesian,none,Robinson_2012
posterior-282,STATE_7203000,posterior.trees,true,sample,bayesian,none,Robinson_2012
posterior-283,STATE_4255000,posterior.trees,true,sample,bayesian,none,Robinson_2012
posterior-284,STATE_8998000,posterior.trees,true,sample,bayesian,none,Robinson_2012
posterior-285,STATE_8952000,posterior.trees,true,sample,bayesian,none,Robinson_2012
posterior-286,STATE_3524000,posterior.trees,true,sample,bayesian,none,Robinson_2012
posterior-287,STATE_6596000,posterior.trees,true,sample,bayesian,none,Robinson_2012
posterior-288,STATE_1602000,posterior.trees,true,sample,bayesian,none,Robinson_2012
posterior-289,STATE_4981000,posterior.trees,true,sample,bayesian,none,Robinson_2012
posterior-290,STATE_9127000,posterior.trees,true,sample,bayesian,none,Robinson_2012
posterior-291,STATE_1667000,posterior.trees,true,sample,bayesian,none,Robinson_2012
posterior-292,STATE_6964000,posterior.trees,true,sample,bayesian,none,Robinson_2012
posterior-293,STATE_3599000,posterior.trees,true,sample,bayesian,none,Robinson_2012
posterior-294,STATE_7933000,posterior.trees,true,sample,bayesian,none,Robinson_2012
posterior-295,STATE_9220000,posterior.trees,true,sample,bayesian,none,Robinson_2012
posterior-296,STATE_5045000,posterior.trees,true,sample,bayesian,none,Robinson_2012
posterior-297,STATE_7930000,posterior.trees,true,sample,bayesian,none,Robinson_2012
posterior-298,STATE_2492000,posterior.trees,true,sample,bayesian,none,Robinson_2012
posterior-299,STATE_8544000,posterior.trees,true,sample,bayesian,none,Robinson_2012
posterior-300,STATE_1613000,posterior.trees,true,sample,bayesian,none,Robinson_2012
posterior-301,STATE_4099000,posterior.trees,true,sample,bayesian,none,Robinson_2012
posterior-302,STATE_2878000,posterior.trees,true,sample,bayesian,none,Robinson_2012
posterior-303,STATE_4025000,posterior.trees,true,sample,bayesian,none,Robinson_2012
posterior-304,STATE_9064000,posterior.trees,true,sample,bayesian,none,Robinson_2012
posterior-305,STATE_8967000,posterior.trees,true,sample,bayesian,none,Robinson_2012
posterior-306,STATE_4826000,posterior.trees,true,sample,bayesian,none,Robinson_2012
posterior-307,STATE_5258000,posterior.trees,true,sample,bayesian,none,Robinson_2012
posterior-308,STATE_1160000,posterior.trees,true,sample,bayesian,none,Robinson_2012
posterior-309,STATE_3955000,posterior.trees,true,sample,bayesian,none,Robinson_2012
posterior-310,STATE_6679000,posterior.trees,true,sample,bayesian,none,Robinson_2012
posterior-311,STATE_6664000,posterior.trees,true,sample,bayesian,none,Robinson_2012
posterior-312,STATE_7994000,posterior.trees,true,sample,bayesian,none,Robinson_2012
posterior-313,STATE_4263000,posterior.trees,true,sample,bayesian,none,Robinson_2012
posterior-314,STATE_2092000,posterior.trees,true,sample,bayesian,none,Robinson_2012
posterior-315,STATE_6579000,posterior.trees,true,sample,bayesian,none,Robinson_2012
posterior-316,STATE_8866000,posterior.trees,true,sample,bayesian,none,Robinson_2012
posterior-317,STATE_8920000,posterior.trees,true,sample,bayesian,none,Robinson_2012
posterior-318,STATE_1639000,posterior.trees,true,sample,bayesian,none,Robinson_2012
posterior-319,STATE_2207000,posterior.trees,true,sample,bayesian,none,Robinson_2012
posterior-320,STATE_3833000,posterior.trees,true,sample,bayesian,none,Robinson_2012
posterior-321,STATE_6395000,posterior.trees,true,sample,bayesian,none,Robinson_2012
posterior-322,STATE_1536000,posterior.trees,true,sample,bayesian,none,Robinson_2012
posterior-323,STATE_9300000,posterior.trees,true,sample,bayesian,none,Robinson_2012
posterior-324,STATE_6520000,posterior.trees,true,sample,bayesian,none,Robinson_2012
posterior-325,STATE_4749000,posterior.trees,true,sample,bayesian,none,Robinson_2012
posterior-326,STATE_8958000,posterior.trees,true,sample,bayesian,none,Robinson_2012
posterior-327,STATE_2381000,posterior.trees,true,sample,bayesian,none,Robinson_2012
posterior-328,STATE_9528000,posterior.trees,true,sample,bayesian,none,Robinson_2012
posterior-329,STATE_5559000,posterior.trees,true,sample,bayesian,none,Robinson_2012
posterior-330,STATE_8171000,posterior.trees,true,sample,bayesian,none,Robinson_2012
posterior-331,STATE_4219000,posterior.trees,true,sample,bayesian,none,Robinson_2012
posterior-332,STATE_5267000,posterior.trees,true,sample,bayesian,none,Robinson_2012
posterior-333,STATE_8706000,posterior.trees,true,sample,bayesian,none,Robinson_2012
posterior-334,STATE_8570000,posterior.trees,true,sample,bayesian,none,Robinson_2012
posterior-335,STATE_8433000,posterior.trees,true,sample,bayesian,none,Robinson_2012
posterior-336,STATE_8158000,posterior.trees,true,sample,bayesian,none,Robinson_2012
posterior-337,STATE_5553000,posterior.trees,true,sample,bayesian,none,Robinson_2012
posterior-338,STATE_3053000,posterior.trees,true,sample,bayesian,none,Robinson_2012
posterior-339,STATE_7513000,posterior.trees,true,sample,bayesian,none,Robinson_2012
posterior-340,STATE_2386000,posterior.trees,true,sample,bayesian,none,Robinson_2012
posterior-341,STATE_6483000,posterior.trees,true,sample,bayesian,none,Robinson_2012
posterior-342,STATE_3280000,posterior.trees,true,sample,bayesian,none,Robinson_2012
posterior-343,STATE_7704000,posterior.trees,true,sample,bayesian,none,Robinson_2012
posterior-344,STATE_8811000,posterior.trees,true,sample,bayesian,none,Robinson_2012
posterior-345,STATE_5257000,posterior.trees,true,sample,bayesian,none,Robinson_2012
posterior-346,STATE_9955000,posterior.trees,true,sample,bayesian,none,Robinson_2012
posterior-347,STATE_3684000,posterior.trees,true,sample,bayesian,none,Robinson_2012
posterior-348,STATE_1001000,posterior.trees,true,sample,bayesian,none,Robinson_2012
posterior-349,STATE_3816000,posterior.trees,true,sample,bayesian,none,Robinson_2012
posterior-350,STATE_1062000,posterior.trees,true,sample,bayesian,none,Robinson_2012
posterior-351,STATE_6255000,posterior.trees,true,sample,bayesian,none,Robinson_2012
posterior-352,STATE_6333000,posterior.trees,true,sample,bayesian,none,Robinson_2012
posterior-353,STATE_2446000,posterior.trees,true,sample,bayesian,none,Robinson_2012
posterior-354,STATE_8007000,posterior.trees,true,sample,bayesian,none,Robinson_2012
posterior-355,STATE_7458000,posterior.trees,true,sample,bayesian,none,Robinson_2012
posterior-356,STATE_7468000,posterior.trees,true,sample,bayesian,none,Robinson_2012
posterior-357,STATE_8481000,posterior.trees,true,sample,bayesian,none,Robinson_2012
posterior-358,STATE_9232000,posterior.trees,true,sample,bayesian,none,Robinson_2012
posterior-359,STATE_5005000,posterior.trees,true,sample,bayesian,none,Robinson_2012
posterior-360,STATE_7594000,posterior.trees,true,sample,bayesian,none,Robinson_2012
posterior-361,STATE_2099000,posterior.trees,true,sample,bayesian,none,Robinson_2012
posterior-362,STATE_3249000,posterior.trees,true,sample,bayesian,none,Robinson_2012
posterior-363,STATE_6424000,posterior.trees,true,sample,bayesian,none,Robinson_2012
posterior-364,STATE_3729000,posterior.trees,true,sample,bayesian,none,Robinson_2012
posterior-365,STATE_9571000,posterior.trees,true,sample,bayesian,none,Robinson_2012
posterior-366,STATE_4207000,posterior.trees,true,sample,bayesian,none,Robinson_2012
posterior-367,STATE_6432000,posterior.trees,true,sample,bayesian,none,Robinson_2012
posterior-368,STATE_1806000,posterior.trees,true,sample,bayesian,none,Robinson_2012
posterior-369,STATE_1158000,posterior.trees,true,sample,bayesian,none,Robinson_2012
posterior-370,STATE_5689000,posterior.trees,true,sample,bayesian,none,Robinson_2012
posterior-371,STATE_6859000,posterior.trees,true,sample,bayesian,none,Robinson_2012
posterior-372,STATE_3047000,posterior.trees,true,sample,bayesian,none,Robinson_2012
posterior-373,STATE_6834000,posterior.trees,true,sample,bayesian,none,Robinson_2012
posterior-374,STATE_8110000,posterior.trees,true,sample,bayesian,none,Robinson_2012
posterior-375,STATE_5027000,posterior.trees,true,sample,bayesian,none,Robinson_2012
posterior-376,STATE_7359000,posterior.trees,true,sample,bayesian,none,Robinson_2012
posterior-377,STATE_8389000,posterior.trees,true,sample,bayesian,none,Robinson_2012
posterior-378,STATE_6077000,posterior.trees,true,sample,bayesian,none,Robinson_2012
posterior-379,STATE_6166000,posterior.trees,true,sample,bayesian,none,Robinson_2012
posterior-380,STATE_3444000,posterior.trees,true,sample,bayesian,none,Robinson_2012
posterior-381,STATE_9373000,posterior.trees,true,sample,bayesian,none,Robinson_2012
posterior-382,STATE_1085000,posterior.trees,true,sample,bayesian,none,Robinson_2012
posterior-383,STATE_5917000,posterior.trees,true,sample,bayesian,none,Robinson_2012
posterior-384,STATE_9023000,posterior.trees,true,sample,bayesian,none,Robinson_2012
posterior-385,STATE_5690000,posterior.trees,true,sample,bayesian,none,Robinson_2012
posterior-386,STATE_3097000,posterior.trees,true,sample,bayesian,none,Robinson_2012
posterior-387,STATE_7175000,posterior.trees,true,sample,bayesian,none,Robinson_2012
posterior-388,STATE_4905000,posterior.trees,true,sample,bayesian,none,Robinson_2012
posterior-389,STATE_1381000,posterior.trees,true,sample,bayesian,none,Robinson_2012
posterior-390,STATE_2115000,posterior.trees,true,sample,bayesian,none,Robinson_2012
posterior-391,STATE_9334000,posterior.trees,true,sample,bayesian,none,Robinson_2012
posterior-392,STATE_4490000,posterior.trees,true,sample,bayesian,none,Robinson_2012
posterior-393,STATE_1389000,posterior.trees,true,sample,bayesian,none,Robinson_2012
posterior-394,STATE_4834000,posterior.trees,true,sample,bayesian,none,Robinson_2012
posterior-395,STATE_5023000,posterior.trees,true,sample,bayesian,none,Robinson_2012
posterior-396,STATE_5713000,posterior.trees,true,sample,bayesian,none,Robinson_2012
posterior-397,STATE_3610000,posterior.trees,true,sample,bayesian,none,Robinson_2012
posterior-398,STATE_4285000,posterior.trees,true,sample,bayesian,none,Robinson_2012
posterior-399,STATE_8024000,posterior.trees,true,sample,bayesian,none,Robinson_2012
posterior-400,STATE_7423000,posterior.trees,true,sample,bayesian,none,Robinson_2012
posterior-401,STATE_4294000,posterior.trees,true,sample,bayesian,none,Robinson_2012
posterior-402,STATE_2307000,posterior.trees,true,sample,bayesian,none,Robinson_2012
posterior-403,STATE_2129000,posterior.trees,true,sample,bayesian,none,Robinson_2012
posterior-404,STATE_9877000,posterior.trees,true,sample,bayesian,none,Robinson_2012
posterior-405,STATE_8961000,posterior.trees,true,sample,bayesian,none,Robinson_2012
posterior-406,STATE_2718000,posterior.trees,true,sample,bayesian,none,Robinson_2012
posterior-407,STATE_1066000,posterior.trees,true,sample,bayesian,none,Robinson_2012
posterior-408,STATE_9784000,posterior.trees,true,sample,bayesian,none,Robinson_2012
posterior-409,STATE_7039000,posterior.trees,true,sample,bayesian,none,Robinson_2012
posterior-410,STATE_2644000,posterior.trees,true,sample,bayesian,none,Robinson_2012
posterior-411,STATE_3332000,posterior.trees,true,sample,bayesian,none,Robinson_2012
posterior-412,STATE_8272000,posterior.trees,true,sample,bayesian,none,Robinson_2012
posterior-413,STATE_6443000,posterior.trees,true,sample,bayesian,none,Robinson_2012
posterior-414,STATE_8268000,posterior.trees,true,sample,bayesian,none,Robinson_2012
posterior-415,STATE_7500000,posterior.trees,true,sample,bayesian,none,Robinson_2012
posterior-416,STATE_9596000,posterior.trees,true,sample,bayesian,none,Robinson_2012
posterior-417,STATE_1162000,posterior.trees,true,sample,bayesian,none,Robinson_2012
posterior-418,STATE_3289000,posterior.trees,true,sample,bayesian,none,Robinson_2012
posterior-419,STATE_6489000,posterior.trees,true,sample,bayesian,none,Robinson_2012
posterior-420,STATE_4425000,posterior.trees,true,sample,bayesian,none,Robinson_2012
posterior-421,STATE_2693000,posterior.trees,true,sample,bayesian,none,Robinson_2012
posterior-422,STATE_1511000,posterior.trees,true,sample,bayesian,none,Robinson_2012
posterior-423,STATE_7273000,posterior.trees,true,sample,bayesian,none,Robinson_2012
posterior-424,STATE_6951000,posterior.trees,true,sample,bayesian,none,Robinson_2012
posterior-425,STATE_3130000,posterior.trees,true,sample,bayesian,none,Robinson_2012
posterior-426,STATE_4128000,posterior.trees,true,sample,bayesian,none,Robinson_2012
posterior-427,STATE_6464000,posterior.trees,true,sample,bayesian,none,Robinson_2012
posterior-428,STATE_5982000,posterior.trees,true,sample,bayesian,none,Robinson_2012
posterior-429,STATE_8003000,posterior.trees,true,sample,bayesian,none,Robinson_2012
posterior-430,STATE_2490000,posterior.trees,true,sample,bayesian,none,Robinson_2012
posterior-431,STATE_8557000,posterior.trees,true,sample,bayesian,none,Robinson_2012
posterior-432,STATE_5767000,posterior.trees,true,sample,bayesian,none,Robinson_2012
posterior-433,STATE_7828000,posterior.trees,true,sample,bayesian,none,Robinson_2012
posterior-434,STATE_5965000,posterior.trees,true,sample,bayesian,none,Robinson_2012
posterior-435,STATE_4688000,posterior.trees,true,sample,bayesian,none,Robinson_2012
posterior-436,STATE_1286000,posterior.trees,true,sample,bayesian,none,Robinson_2012
posterior-437,STATE_1592000,posterior.trees,true,sample,bayesian,none,Robinson_2012
posterior-438,STATE_4196000,posterior.trees,true,sample,bayesian,none,Robinson_2012
posterior-439,STATE_3606000,posterior.trees,true,sample,bayesian,none,Robinson_2012
posterior-440,STATE_3822000,posterior.trees,true,sample,bayesian,none,Robinson_2012
posterior-441,STATE_8964000,posterior.trees,true,sample,bayesian,none,Robinson_2012
posterior-442,STATE_8054000,posterior.trees,true,sample,bayesian,none,Robinson_2012
posterior-443,STATE_7020000,posterior.trees,true,sample,bayesian,none,Robinson_2012
posterior-444,STATE_4761000,posterior.trees,true,sample,bayesian,none,Robinson_2012
posterior-445,STATE_1499000,posterior.trees,true,sample,bayesian,none,Robinson_2012
posterior-446,STATE_8795000,posterior.trees,true,sample,bayesian,none,Robinson_2012
posterior-447,STATE_3567000,posterior.trees,true,sample,bayesian,none,Robinson_2012
posterior-448,STATE_5233000,posterior.trees,true,sample,bayesian,none,Robinson_2012
posterior-449,STATE_5599000,posterior.trees,true,sample,bayesian,none,Robinson_2012
posterior-450,STATE_8635000,posterior.trees,true,sample,bayesian,none,Robinson_2012
posterior-451,STATE_2046000,posterior.trees,true,sample,bayesian,none,Robinson_2012
posterior-452,STATE_2957000,posterior.trees,true,sample,bayesian,none,Robinson_2012
posterior-453,STATE_1351000,posterior.trees,true,sample,bayesian,none,Robinson_2012
posterior-454,STATE_8773000,posterior.trees,true,sample,bayesian,none,Robinson_2012
posterior-455,STATE_7504000,posterior.trees,true,sample,bayesian,none,Robinson_2012
posterior-456,STATE_3661000,posterior.trees,true,sample,bayesian,none,Robinson_2012
posterior-457,STATE_8149000,posterior.trees,true,sample,bayesian,none,Robinson_2012
posterior-458,STATE_7074000,posterior.trees,true,sample,bayesian,none,Robinson_2012
posterior-459,STATE_8665000,posterior.trees,true,sample,bayesian,none,Robinson_2012
posterior-460,STATE_4786000,posterior.trees,true,sample,bayesian,none,Robinson_2012
posterior-461,STATE_6409000,posterior.trees,true,sample,bayesian,none,Robinson_2012
posterior-462,STATE_6109000,posterior.trees,true,sample,bayesian,none,Robinson_2012
posterior-463,STATE_1758000,posterior.trees,true,sample,bayesian,none,Robinson_2012
posterior-464,STATE_8052000,posterior.trees,true,sample,bayesian,none,Robinson_2012
posterior-465,STATE_2722000,posterior.trees,true,sample,bayesian,none,Robinson_2012
posterior-466,STATE_6263000,posterior.trees,true,sample,bayesian,none,Robinson_2012
posterior-467,STATE_8803000,posterior.trees,true,sample,bayesian,none,Robinson_2012
posterior-468,STATE_3208000,posterior.trees,true,sample,bayesian,none,Robinson_2012
posterior-469,STATE_7588000,posterior.trees,true,sample,bayesian,none,Robinson_2012
posterior-470,STATE_8436000,posterior.trees,true,sample,bayesian,none,Robinson_2012
posterior-471,STATE_4382000,posterior.trees,true,sample,bayesian,none,Robinson_2012
posterior-472,STATE_3499000,posterior.trees,true,sample,bayesian,none,Robinson_2012
posterior-473,STATE_5437000,posterior.trees,true,sample,bayesian,none,Robinson_2012
posterior-474,STATE_2310000,posterior.trees,true,sample,bayesian,none,Robinson_2012
posterior-475,STATE_9463000,posterior.trees,true,sample,bayesian,none,Robinson_2012
posterior-476,STATE_7543000,posterior.trees,true,sample,bayesian,none,Robinson_2012
posterior-477,STATE_5721000,posterior.trees,true,sample,bayesian,none,Robinson_2012
posterior-478,STATE_1383000,posterior.trees,true,sample,bayesian,none,Robinson_2012
posterior-479,STATE_7616000,posterior.trees,true,sample,bayesian,none,Robinson_2012
posterior-480,STATE_7387000,posterior.trees,true,sample,bayesian,none,Robinson_2012
posterior-481,STATE_4200000,posterior.trees,true,sample,bayesian,none,Robinson_2012
posterior-482,STATE_3183000,posterior.trees,true,sample,bayesian,none,Robinson_2012
posterior-483,STATE_7835000,posterior.trees,true,sample,bayesian,none,Robinson_2012
posterior-484,STATE_5738000,posterior.trees,true,sample,bayesian,none,Robinson_2012
posterior-485,STATE_4237000,posterior.trees,true,sample,bayesian,none,Robinson_2012
posterior-486,STATE_5053000,posterior.trees,true,sample,bayesian,none,Robinson_2012
posterior-487,STATE_3581000,posterior.trees,true,sample,bayesian,none,Robinson_2012
posterior-488,STATE_2351000,posterior.trees,true,sample,bayesian,none,Robinson_2012
posterior-489,STATE_5856000,posterior.trees,true,sample,bayesian,none,Robinson_2012
posterior-490,STATE_8072000,posterior.trees,true,sample,bayesian,none,Robinson_2012
posterior-491,STATE_2334000,posterior.trees,true,sample,bayesian,none,Robinson_2012
posterior-492,STATE_9381000,posterior.trees,true,sample,bayesian,none,Robinson_2012
posterior-493,STATE_2605000,posterior.trees,true,sample,bayesian,none,Robinson_2012
posterior-494,STATE_5346000,posterior.trees,true,sample,bayesian,none,Robinson_2012
posterior-495,STATE_2093000,posterior.trees,true,sample,bayesian,none,Robinson_2012
posterior-496,STATE_9979000,posterior.trees,true,sample,bayesian,none,Robinson_2012
posterior-497,STATE_9266000,posterior.trees,true,sample,bayesian,none,Robinson_2012
posterior-498,STATE_3777000,posterior.trees,true,sample,bayesian,none,Robinson_2012
posterior-499,STATE_8656000,posterior.trees,true,sample,bayesian,none,Robinson_2012
posterior-500,STATE_8006000,posterior.trees,true,sample,bayesian,none,Robinson_2012
posterior-501,STATE_9523000,posterior.trees,true,sample,bayesian,none,Robinson_2012
posterior-502,STATE_2971000,posterior.trees,true,sample,bayesian,none,Robinson_2012
posterior-503,STATE_6329000,posterior.trees,true,sample,bayesian,none,Robinson_2012
posterior-504,STATE_1384000,posterior.trees,true,sample,bayesian,none,Robinson_2012
posterior-505,STATE_8903000,posterior.trees,true,sample,bayesian,none,Robinson_2012
posterior-506,STATE_5216000,posterior.trees,true,sample,bayesian,none,Robinson_2012
posterior-507,STATE_2038000,posterior.trees,true,sample,bayesian,none,Robinson_2012
posterior-508,STATE_4579000,posterior.trees,true,sample,bayesian,none,Robinson_2012
posterior-509,STATE_6226000,posterior.trees,true,sample,bayesian,none,Robinson_2012
posterior-510,STATE_2976000,posterior.trees,true,sample,bayesian,none,Robinson_2012
posterior-511,STATE_4387000,posterior.trees,true,sample,bayesian,none,Robinson_2012
posterior-512,STATE_6157000,posterior.trees,true,sample,bayesian,none,Robinson_2012
posterior-513,STATE_1006000,posterior.trees,true,sample,bayesian,none,Robinson_2012
posterior-514,STATE_7917000,posterior.trees,true,sample,bayesian,none,Robinson_2012
posterior-515,STATE_1279000,posterior.trees,true,sample,bayesian,none,Robinson_2012
posterior-516,STATE_3665000,posterior.trees,true,sample,bayesian,none,Robinson_2012
posterior-517,STATE_6529000,posterior.trees,true,sample,bayesian,none,Robinson_2012
posterior-518,STATE_3329000,posterior.trees,true,sample,bayesian,none,Robinson_2012
posterior-519,STATE_2980000,posterior.trees,true,sample,bayesian,none,Robinson_2012
posterior-520,STATE_3825000,posterior.trees,true,sample,bayesian,none,Robinson_2012
posterior-521,STATE_1092000,posterior.trees,true,sample,bayesian,none,Robinson_2012
posterior-522,STATE_4952000,posterior.trees,true,sample,bayesian,none,Robinson_2012
posterior-523,STATE_1980000,posterior.trees,true,sample,bayesian,none,Robinson_2012
posterior-524,STATE_1352000,posterior.trees,true,sample,bayesian,none,Robinson_2012
posterior-525,STATE_8015000,posterior.trees,true,sample,bayesian,none,Robinson_2012
posterior-526,STATE_9860000,posterior.trees,true,sample,bayesian,none,Robinson_2012
posterior-527,STATE_2509000,posterior.trees,true,sample,bayesian,none,Robinson_2012
posterior-528,STATE_7200000,posterior.trees,true,sample,bayesian,none,Robinson_2012
posterior-529,STATE_1452000,posterior.trees,true,sample,bayesian,none,Robinson_2012
posterior-530,STATE_3652000,posterior.trees,true,sample,bayesian,none,Robinson_2012
posterior-531,STATE_5814000,posterior.trees,true,sample,bayesian,none,Robinson_2012
posterior-532,STATE_6708000,posterior.trees,true,sample,bayesian,none,Robinson_2012
posterior-533,STATE_7219000,posterior.trees,true,sample,bayesian,none,Robinson_2012
posterior-534,STATE_9052000,posterior.trees,true,sample,bayesian,none,Robinson_2012
posterior-535,STATE_1689000,posterior.trees,true,sample,bayesian,none,Robinson_2012
posterior-536,STATE_1550000,posterior.trees,true,sample,bayesian,none,Robinson_2012
posterior-537,STATE_8417000,posterior.trees,true,sample,bayesian,none,Robinson_2012
posterior-538,STATE_2228000,posterior.trees,true,sample,bayesian,none,Robinson_2012
posterior-539,STATE_7268000,posterior.trees,true,sample,bayesian,none,Robinson_2012
posterior-540,STATE_4741000,posterior.trees,true,sample,bayesian,none,Robinson_2012
posterior-541,STATE_5387000,posterior.trees,true,sample,bayesian,none,Robinson_2012
posterior-542,STATE_6987000,posterior.trees,true,sample,bayesian,none,Robinson_2012
posterior-543,STATE_2725000,posterior.trees,true,sample,bayesian,none,Robinson_2012
posterior-544,STATE_6397000,posterior.trees,true,sample,bayesian,none,Robinson_2012
posterior-545,STATE_1265000,posterior.trees,true,sample,bayesian,none,Robinson_2012
posterior-546,STATE_3178000,posterior.trees,true,sample,bayesian,none,Robinson_2012
posterior-547,STATE_3744000,posterior.trees,true,sample,bayesian,none,Robinson_2012
posterior-548,STATE_5515000,posterior.trees,true,sample,bayesian,none,Robinson_2012
posterior-549,STATE_2651000,posterior.trees,true,sample,bayesian,none,Robinson_2012
posterior-550,STATE_4650000,posterior.trees,true,sample,bayesian,none,Robinson_2012
posterior-551,STATE_9289000,posterior.trees,true,sample,bayesian,none,Robinson_2012
posterior-552,STATE_3419000,posterior.trees,true,sample,bayesian,none,Robinson_2012
posterior-553,STATE_8469000,posterior.trees,true,sample,bayesian,none,Robinson_2012
posterior-554,STATE_1253000,posterior.trees,true,sample,bayesian,none,Robinson_2012
posterior-555,STATE_2859000,posterior.trees,true,sample,bayesian,none,Robinson_2012
posterior-556,STATE_1475000,posterior.trees,true,sample,bayesian,none,Robinson_2012
posterior-557,STATE_9226000,posterior.trees,true,sample,bayesian,none,Robinson_2012
posterior-558,STATE_8516000,posterior.trees,true,sample,bayesian,none,Robinson_2012
posterior-559,STATE_3611000,posterior.trees,true,sample,bayesian,none,Robinson_2012
posterior-560,STATE_6386000,posterior.trees,true,sample,bayesian,none,Robinson_2012
posterior-561,STATE_3268000,posterior.trees,true,sample,bayesian,none,Robinson_2012
posterior-562,STATE_7284000,posterior.trees,true,sample,bayesian,none,Robinson_2012
posterior-563,STATE_5678000,posterior.trees,true,sample,bayesian,none,Robinson_2012
posterior-564,STATE_6755000,posterior.trees,true,sample,bayesian,none,Robinson_2012
posterior-565,STATE_9934000,posterior.trees,true,sample,bayesian,none,Robinson_2012
posterior-566,STATE_4042000,posterior.trees,true,sample,bayesian,none,Robinson_2012
posterior-567,STATE_6115000,posterior.trees,true,sample,bayesian,none,Robinson_2012
posterior-568,STATE_4133000,posterior.trees,true,sample,bayesian,none,Robinson_2012
posterior-569,STATE_8662000,posterior.trees,true,sample,bayesian,none,Robinson_2012
posterior-570,STATE_4929000,posterior.trees,true,sample,bayesian,none,Robinson_2012
posterior-571,STATE_1193000,posterior.trees,true,sample,bayesian,none,Robinson_2012
posterior-572,STATE_8476000,posterior.trees,true,sample,bayesian,none,Robinson_2012
posterior-573,STATE_8771000,posterior.trees,true,sample,bayesian,none,Robinson_2012
posterior-574,STATE_7152000,posterior.trees,true,sample,bayesian,none,Robinson_2012
posterior-575,STATE_5841000,posterior.trees,true,sample,bayesian,none,Robinson_2012
posterior-576,STATE_2703000,posterior.trees,true,sample,bayesian,none,Robinson_2012
posterior-577,STATE_4791000,posterior.trees,true,sample,bayesian,none,Robinson_2012
posterior-578,STATE_5822000,posterior.trees,true,sample,bayesian,none,Robinson_2012
posterior-579,STATE_1989000,posterior.trees,true,sample,bayesian,none,Robinson_2012
posterior-580,STATE_9636000,posterior.trees,true,sample,bayesian,none,Robinson_2012
posterior-581,STATE_5250000,posterior.trees,true,sample,bayesian,none,Robinson_2012
posterior-582,STATE_7369000,posterior.trees,true,sample,bayesian,none,Robinson_2012
posterior-583,STATE_4394000,posterior.trees,true,sample,bayesian,none,Robinson_2012
posterior-584,STATE_2151000,posterior.trees,true,sample,bayesian,none,Robinson_2012
posterior-585,STATE_7396000,posterior.trees,true,sample,bayesian,none,Robinson_2012
posterior-586,STATE_4809000,posterior.trees,true,sample,bayesian,none,Robinson_2012
posterior-587,STATE_9374000,posterior.trees,true,sample,bayesian,none,Robinson_2012
posterior-588,STATE_2921000,posterior.trees,true,sample,bayesian,none,Robinson_2012
posterior-589,STATE_8710000,posterior.trees,true,sample,bayesian,none,Robinson_2012
posterior-590,STATE_6777000,posterior.trees,true,sample,bayesian,none,Robinson_2012
posterior-591,STATE_6135000,posterior.trees,true,sample,bayesian,none,Robinson_2012
posterior-592,STATE_9507000,posterior.trees,true,sample,bayesian,none,Robinson_2012
posterior-593,STATE_6808000,posterior.trees,true,sample,bayesian,none,Robinson_2012
posterior-594,STATE_8566000,posterior.trees,true,sample,bayesian,none,Robinson_2012
posterior-595,STATE_5065000,posterior.trees,true,sample,bayesian,none,Robinson_2012
posterior-596,STATE_5636000,posterior.trees,true,sample,bayesian,none,Robinson_2012
posterior-597,STATE_2550000,posterior.trees,true,sample,bayesian,none,Robinson_2012
posterior-598,STATE_7536000,posterior.trees,true,sample,bayesian,none,Robinson_2012
posterior-599,STATE_6447000,posterior.trees,true,sample,bayesian,none,Robinson_2012
posterior-600,STATE_5094000,posterior.trees,true,sample,bayesian,none,Robinson_2012
posterior-601,STATE_3776000,posterior.trees,true,sample,bayesian,none,Robinson_2012
posterior-602,STATE_1642000,posterior.trees,true,sample,bayesian,none,Robinson_2012
posterior-603,STATE_7461000,posterior.trees,true,sample,bayesian,none,Robinson_2012
posterior-604,STATE_1647000,posterior.trees,true,sample,bayesian,none,Robinson_2012
posterior-605,STATE_5832000,posterior.trees,true,sample,bayesian,none,Robinson_2012
posterior-606,STATE_3401000,posterior.trees,true,sample,bayesian,none,Robinson_2012
posterior-607,STATE_6769000,posterior.trees,true,sample,bayesian,none,Robinson_2012
posterior-608,STATE_3741000,posterior.trees,true,sample,bayesian,none,Robinson_2012
posterior-609,STATE_1539000,posterior.trees,true,sample,bayesian,none,Robinson_2012
posterior-610,STATE_4825000,posterior.trees,true,sample,bayesian,none,Robinson_2012
posterior-611,STATE_9598000,posterior.trees,true,sample,bayesian,none,Robinson_2012
posterior-612,STATE_8946000,posterior.trees,true,sample,bayesian,none,Robinson_2012
posterior-613,STATE_8924000,posterior.trees,true,sample,bayesian,none,Robinson_2012
posterior-614,STATE_6791000,posterior.trees,true,sample,bayesian,none,Robinson_2012
posterior-615,STATE_9573000,posterior.trees,true,sample,bayesian,none,Robinson_2012
posterior-616,STATE_5262000,posterior.trees,true,sample,bayesian,none,Robinson_2012
posterior-617,STATE_7308000,posterior.trees,true,sample,bayesian,none,Robinson_2012
posterior-618,STATE_4080000,posterior.trees,true,sample,bayesian,none,Robinson_2012
posterior-619,STATE_3592000,posterior.trees,true,sample,bayesian,none,Robinson_2012
posterior-620,STATE_3920000,posterior.trees,true,sample,bayesian,none,Robinson_2012
posterior-621,STATE_1084000,posterior.trees,true,sample,bayesian,none,Robinson_2012
posterior-622,STATE_4643000,posterior.trees,true,sample,bayesian,none,Robinson_2012
posterior-623,STATE_4626000,posterior.trees,true,sample,bayesian,none,Robinson_2012
posterior-624,STATE_6498000,posterior.trees,true,sample,bayesian,none,Robinson_2012
posterior-625,STATE_8196000,posterior.trees,true,sample,bayesian,none,Robinson_2012
posterior-626,STATE_9534000,posterior.trees,true,sample,bayesian,none,Robinson_2012
posterior-627,STATE_9488000,posterior.trees,true,sample,bayesian,none,Robinson_2012
posterior-628,STATE_7111000,posterior.trees,true,sample,bayesian,none,Robinson_2012
posterior-629,STATE_8652000,posterior.trees,true,sample,bayesian,none,Robinson_2012
posterior-630,STATE_7144000,posterior.trees,true,sample,bayesian,none,Robinson_2012
posterior-631,STATE_1886000,posterior.trees,true,sample,bayesian,none,Robinson_2012
posterior-632,STATE_8699000,posterior.trees,true,sample,bayesian,none,Robinson_2012
posterior-633,STATE_9694000,posterior.trees,true,sample,bayesian,none,Robinson_2012
posterior-634,STATE_9947000,posterior.trees,true,sample,bayesian,none,Robinson_2012
posterior-635,STATE_9241000,posterior.trees,true,sample,bayesian,none,Robinson_2012
posterior-636,STATE_3453000,posterior.trees,true,sample,bayesian,none,Robinson_2012
posterior-637,STATE_6445000,posterior.trees,true,sample,bayesian,none,Robinson_2012
posterior-638,STATE_1128000,posterior.trees,true,sample,bayesian,none,Robinson_2012
posterior-639,STATE_6514000,posterior.trees,true,sample,bayesian,none,Robinson_2012
posterior-640,STATE_7907000,posterior.trees,true,sample,bayesian,none,Robinson_2012
posterior-641,STATE_7875000,posterior.trees,true,sample,bayesian,none,Robinson_2012
posterior-642,STATE_2165000,posterior.trees,true,sample,bayesian,none,Robinson_2012
posterior-643,STATE_8560000,posterior.trees,true,sample,bayesian,none,Robinson_2012
posterior-644,STATE_1110000,posterior.trees,true,sample,bayesian,none,Robinson_2012
posterior-645,STATE_9183000,posterior.trees,true,sample,bayesian,none,Robinson_2012
posterior-646,STATE_3881000,posterior.trees,true,sample,bayesian,none,Robinson_2012
posterior-647,STATE_3734000,posterior.trees,true,sample,bayesian,none,Robinson_2012
posterior-648,STATE_5504000,posterior.trees,true,sample,bayesian,none,Robinson_2012
posterior-649,STATE_3769000,posterior.trees,true,sample,bayesian,none,Robinson_2012
posterior-650,STATE_2874000,posterior.trees,true,sample,bayesian,none,Robinson_2012
posterior-651,STATE_3904000,posterior.trees,true,sample,bayesian,none,Robinson_2012
posterior-652,STATE_1898000,posterior.trees,true,sample,bayesian,none,Robinson_2012
posterior-653,STATE_7424000,posterior.trees,true,sample,bayesian,none,Robinson_2012
posterior-654,STATE_8545000,posterior.trees,true,sample,bayesian,none,Robinson_2012
posterior-655,STATE_7629000,posterior.trees,true,sample,bayesian,none,Robinson_2012
posterior-656,STATE_3159000,posterior.trees,true,sample,bayesian,none,Robinson_2012
posterior-657,STATE_4065000,posterior.trees,true,sample,bayesian,none,Robinson_2012
posterior-658,STATE_3989000,posterior.trees,true,sample,bayesian,none,Robinson_2012
posterior-659,STATE_2669000,posterior.trees,true,sample,bayesian,none,Robinson_2012
posterior-660,STATE_6502000,posterior.trees,true,sample,bayesian,none,Robinson_2012
posterior-661,STATE_2702000,posterior.trees,true,sample,bayesian,none,Robinson_2012
posterior-662,STATE_9176000,posterior.trees,true,sample,bayesian,none,Robinson_2012
posterior-663,STATE_2137000,posterior.trees,true,sample,bayesian,none,Robinson_2012
posterior-664,STATE_9661000,posterior.trees,true,sample,bayesian,none,Robinson_2012
posterior-665,STATE_9013000,posterior.trees,true,sample,bayesian,none,Robinson_2012
posterior-666,STATE_4699000,posterior.trees,true,sample,bayesian,none,Robinson_2012
posterior-667,STATE_3809000,posterior.trees,true,sample,bayesian,none,Robinson_2012
posterior-668,STATE_7032000,posterior.trees,true,sample,bayesian,none,Robinson_2012
posterior-669,STATE_4089000,posterior.trees,true,sample,bayesian,none,Robinson_2012
posterior-670,STATE_6832000,posterior.trees,true,sample,bayesian,none,Robinson_2012
posterior-671,STATE_9476000,posterior.trees,true,sample,bayesian,none,Robinson_2012
posterior-672,STATE_6591000,posterior.trees,true,sample,bayesian,none,Robinson_2012
posterior-673,STATE_9122000,posterior.trees,true,sample,bayesian,none,Robinson_2012
posterior-674,STATE_1508000,posterior.trees,true,sample,bayesian,none,Robinson_2012
posterior-675,STATE_7166000,posterior.trees,true,sample,bayesian,none,Robinson_2012
posterior-676,STATE_3913000,posterior.trees,true,sample,bayesian,none,Robinson_2012
posterior-677,STATE_7479000,posterior.trees,true,sample,bayesian,none,Robinson_2012
posterior-678,STATE_3124000,posterior.trees,true,sample,bayesian,none,Robinson_2012
posterior-679,STATE_3562000,posterior.trees,true,sample,bayesian,none,Robinson_2012
posterior-680,STATE_6855000,posterior.trees,true,sample,bayesian,none,Robinson_2012
posterior-681,STATE_1478000,posterior.trees,true,sample,bayesian,none,Robinson_2012
posterior-682,STATE_4654000,posterior.trees,true,sample,bayesian,none,Robinson_2012
posterior-683,STATE_8030000,posterior.trees,true,sample,bayesian,none,Robinson_2012
posterior-684,STATE_2364000,posterior.trees,true,sample,bayesian,none,Robinson_2012
posterior-685,STATE_8642000,posterior.trees,true,sample,bayesian,none,Robinson_2012
posterior-686,STATE_5389000,posterior.trees,true,sample,bayesian,none,Robinson_2012
posterior-687,STATE_2277000,posterior.trees,true,sample,bayesian,none,Robinson_2012
posterior-688,STATE_1578000,posterior.trees,true,sample,bayesian,none,Robinson_2012
posterior-689,STATE_6545000,posterior.trees,true,sample,bayesian,none,Robinson_2012
posterior-690,STATE_5475000,posterior.trees,true,sample,bayesian,none,Robinson_2012
posterior-691,STATE_3031000,posterior.trees,true,sample,bayesian,none,Robinson_2012
posterior-692,STATE_5186000,posterior.trees,true,sample,bayesian,none,Robinson_2012
posterior-693,STATE_5148000,posterior.trees,true,sample,bayesian,none,Robinson_2012
posterior-694,STATE_1235000,posterior.trees,true,sample,bayesian,none,Robinson_2012
posterior-695,STATE_7198000,posterior.trees,true,sample,bayesian,none,Robinson_2012
posterior-696,STATE_7845000,posterior.trees,true,sample,bayesian,none,Robinson_2012
posterior-697,STATE_8914000,posterior.trees,true,sample,bayesian,none,Robinson_2012
posterior-698,STATE_9760000,posterior.trees,true,sample,bayesian,none,Robinson_2012
posterior-699,STATE_1498000,posterior.trees,true,sample,bayesian,none,Robinson_2012
posterior-700,STATE_9273000,posterior.trees,true,sample,bayesian,none,Robinson_2012
posterior-701,STATE_9933000,posterior.trees,true,sample,bayesian,none,Robinson_2012
posterior-702,STATE_2402000,posterior.trees,true,sample,bayesian,none,Robinson_2012
posterior-703,STATE_1168000,posterior.trees,true,sample,bayesian,none,Robinson_2012
posterior-704,STATE_3820000,posterior.trees,true,sample,bayesian,none,Robinson_2012
posterior-705,STATE_5782000,posterior.trees,true,sample,bayesian,none,Robinson_2012
posterior-706,STATE_5449000,posterior.trees,true,sample,bayesian,none,Robinson_2012
posterior-707,STATE_1587000,posterior.trees,true,sample,bayesian,none,Robinson_2012
posterior-708,STATE_5870000,posterior.trees,true,sample,bayesian,none,Robinson_2012
posterior-709,STATE_5783000,posterior.trees,true,sample,bayesian,none,Robinson_2012
posterior-710,STATE_7056000,posterior.trees,true,sample,bayesian,none,Robinson_2012
posterior-711,STATE_7960000,posterior.trees,true,sample,bayesian,none,Robinson_2012
posterior-712,STATE_2877000,posterior.trees,true,sample,bayesian,none,Robinson_2012
posterior-713,STATE_5963000,posterior.trees,true,sample,bayesian,none,Robinson_2012
posterior-714,STATE_9046000,posterior.trees,true,sample,bayesian,none,Robinson_2012
posterior-715,STATE_4806000,posterior.trees,true,sample,bayesian,none,Robinson_2012
posterior-716,STATE_4357000,posterior.trees,true,sample,bayesian,none,Robinson_2012
posterior-717,STATE_7700000,posterior.trees,true,sample,bayesian,none,Robinson_2012
posterior-718,STATE_4149000,posterior.trees,true,sample,bayesian,none,Robinson_2012
posterior-719,STATE_3930000,posterior.trees,true,sample,bayesian,none,Robinson_2012
posterior-720,STATE_9477000,posterior.trees,true,sample,bayesian,none,Robinson_2012
posterior-721,STATE_6959000,posterior.trees,true,sample,bayesian,none,Robinson_2012
posterior-722,STATE_1712000,posterior.trees,true,sample,bayesian,none,Robinson_2012
posterior-723,STATE_9917000,posterior.trees,true,sample,bayesian,none,Robinson_2012
posterior-724,STATE_1172000,posterior.trees,true,sample,bayesian,none,Robinson_2012
posterior-725,STATE_9605000,posterior.trees,true,sample,bayesian,none,Robinson_2012
posterior-726,STATE_9465000,posterior.trees,true,sample,bayesian,none,Robinson_2012
posterior-727,STATE_6826000,posterior.trees,true,sample,bayesian,none,Robinson_2012
posterior-728,STATE_3157000,posterior.trees,true,sample,bayesian,none,Robinson_2012
posterior-729,STATE_9051000,posterior.trees,true,sample,bayesian,none,Robinson_2012
posterior-730,STATE_1243000,posterior.trees,true,sample,bayesian,none,Robinson_2012
posterior-731,STATE_2734000,posterior.trees,true,sample,bayesian,none,Robinson_2012
posterior-732,STATE_2713000,posterior.trees,true,sample,bayesian,none,Robinson_2012
posterior-733,STATE_8746000,posterior.trees,true,sample,bayesian,none,Robinson_2012
posterior-734,STATE_1742000,posterior.trees,true,sample,bayesian,none,Robinson_2012
posterior-735,STATE_2738000,posterior.trees,true,sample,bayesian,none,Robinson_2012
posterior-736,STATE_7811000,posterior.trees,true,sample,bayesian,none,Robinson_2012
posterior-737,STATE_1548000,posterior.trees,true,sample,bayesian,none,Robinson_2012
posterior-738,STATE_7380000,posterior.trees,true,sample,bayesian,none,Robinson_2012
posterior-739,STATE_7201000,posterior.trees,true,sample,bayesian,none,Robinson_2012
posterior-740,STATE_8032000,posterior.trees,true,sample,bayesian,none,Robinson_2012
posterior-741,STATE_3937000,posterior.trees,true,sample,bayesian,none,Robinson_2012
posterior-742,STATE_9828000,posterior.trees,true,sample,bayesian,none,Robinson_2012
posterior-743,STATE_8959000,posterior.trees,true,sample,bayesian,none,Robinson_2012
posterior-744,STATE_7657000,posterior.trees,true,sample,bayesian,none,Robinson_2012
posterior-745,STATE_3467000,posterior.trees,true,sample,bayesian,none,Robinson_2012
posterior-746,STATE_7302000,posterior.trees,true,sample,bayesian,none,Robinson_2012
posterior-747,STATE_8565000,posterior.trees,true,sample,bayesian,none,Robinson_2012
posterior-748,STATE_5561000,posterior.trees,true,sample,bayesian,none,Robinson_2012
posterior-749,STATE_9592000,posterior.trees,true,sample,bayesian,none,Robinson_2012
posterior-750,STATE_4293000,posterior.trees,true,sample,bayesian,none,Robinson_2012
posterior-751,STATE_6072000,posterior.trees,true,sample,bayesian,none,Robinson_2012
posterior-752,STATE_4473000,posterior.trees,true,sample,bayesian,none,Robinson_2012
posterior-753,STATE_3570000,posterior.trees,true,sample,bayesian,none,Robinson_2012
posterior-754,STATE_5238000,posterior.trees,true,sample,bayesian,none,Robinson_2012
posterior-755,STATE_5521000,posterior.trees,true,sample,bayesian,none,Robinson_2012
posterior-756,STATE_9496000,posterior.trees,true,sample,bayesian,none,Robinson_2012
posterior-757,STATE_6068000,posterior.trees,true,sample,bayesian,none,Robinson_2012
posterior-758,STATE_5526000,posterior.trees,true,sample,bayesian,none,Robinson_2012
posterior-759,STATE_4855000,posterior.trees,true,sample,bayesian,none,Robinson_2012
posterior-760,STATE_2820000,posterior.trees,true,sample,bayesian,none,Robinson_2012
posterior-761,STATE_6710000,posterior.trees,true,sample,bayesian,none,Robinson_2012
posterior-762,STATE_2100000,posterior.trees,true,sample,bayesian,none,Robinson_2012
posterior-763,STATE_2852000,posterior.trees,true,sample,bayesian,none,Robinson_2012
posterior-764,STATE_4648000,posterior.trees,true,sample,bayesian,none,Robinson_2012
posterior-765,STATE_6965000,posterior.trees,true,sample,bayesian,none,Robinson_2012
posterior-766,STATE_6991000,posterior.trees,true,sample,bayesian,none,Robinson_2012
posterior-767,STATE_1782000,posterior.trees,true,sample,bayesian,none,Robinson_2012
posterior-768,STATE_8761000,posterior.trees,true,sample,bayesian,none,Robinson_2012
posterior-769,STATE_6074000,posterior.trees,true,sample,bayesian,none,Robinson_2012
posterior-770,STATE_1068000,posterior.trees,true,sample,bayesian,none,Robinson_2012
posterior-771,STATE_4830000,posterior.trees,true,sample,bayesian,none,Robinson_2012
posterior-772,STATE_2805000,posterior.trees,true,sample,bayesian,none,Robinson_2012
posterior-773,STATE_3673000,posterior.trees,true,sample,bayesian,none,Robinson_2012
posterior-774,STATE_7569000,posterior.trees,true,sample,bayesian,none,Robinson_2012
posterior-775,STATE_2220000,posterior.trees,true,sample,bayesian,none,Robinson_2012
posterior-776,STATE_5808000,posterior.trees,true,sample,bayesian,none,Robinson_2012
posterior-777,STATE_4802000,posterior.trees,true,sample,bayesian,none,Robinson_2012
posterior-778,STATE_2301000,posterior.trees,true,sample,bayesian,none,Robinson_2012
posterior-779,STATE_8080000,posterior.trees,true,sample,bayesian,none,Robinson_2012
posterior-780,STATE_4006000,posterior.trees,true,sample,bayesian,none,Robinson_2012
posterior-781,STATE_6945000,posterior.trees,true,sample,bayesian,none,Robinson_2012
posterior-782,STATE_7608000,posterior.trees,true,sample,bayesian,none,Robinson_2012
posterior-783,STATE_2843000,posterior.trees,true,sample,bayesian,none,Robinson_2012
posterior-784,STATE_7173000,posterior.trees,true,sample,bayesian,none,Robinson_2012
posterior-785,STATE_2385000,posterior.trees,true,sample,bayesian,none,Robinson_2012
posterior-786,STATE_1645000,posterior.trees,true,sample,bayesian,none,Robinson_2012
posterior-787,STATE_3512000,posterior.trees,true,sample,bayesian,none,Robinson_2012
posterior-788,STATE_5580000,posterior.trees,true,sample,bayesian,none,Robinson_2012
posterior-789,STATE_2257000,posterior.trees,true,sample,bayesian,none,Robinson_2012
posterior-790,STATE_6794000,posterior.trees,true,sample,bayesian,none,Robinson_2012
posterior-791,STATE_3938000,posterior.trees,true,sample,bayesian,none,Robinson_2012
posterior-792,STATE_9675000,posterior.trees,true,sample,bayesian,none,Robinson_2012
posterior-793,STATE_2660000,posterior.trees,true,sample,bayesian,none,Robinson_2012
posterior-794,STATE_3755000,posterior.trees,true,sample,bayesian,none,Robinson_2012
posterior-795,STATE_4417000,posterior.trees,true,sample,bayesian,none,Robinson_2012
posterior-796,STATE_1058000,posterior.trees,true,sample,bayesian,none,Robinson_2012
posterior-797,STATE_2462000,posterior.trees,true,sample,bayesian,none,Robinson_2012
posterior-798,STATE_2553000,posterior.trees,true,sample,bayesian,none,Robinson_2012
posterior-799,STATE_9120000,posterior.trees,true,sample,bayesian,none,Robinson_2012
posterior-800,STATE_2893000,posterior.trees,true,sample,bayesian,none,Robinson_2012
posterior-801,STATE_8348000,posterior.trees,true,sample,bayesian,none,Robinson_2012
posterior-802,STATE_3602000,posterior.trees,true,sample,bayesian,none,Robinson_2012
posterior-803,STATE_2090000,posterior.trees,true,sample,bayesian,none,Robinson_2012
posterior-804,STATE_4737000,posterior.trees,true,sample,bayesian,none,Robinson_2012
posterior-805,STATE_6000000,posterior.trees,true,sample,bayesian,none,Robinson_2012
posterior-806,STATE_6089000,posterior.trees,true,sample,bayesian,none,Robinson_2012
posterior-807,STATE_5324000,posterior.trees,true,sample,bayesian,none,Robinson_2012
posterior-808,STATE_4794000,posterior.trees,true,sample,bayesian,none,Robinson_2012
posterior-809,STATE_5906000,posterior.trees,true,sample,bayesian,none,Robinson_2012
posterior-810,STATE_2372000,posterior.trees,true,sample,bayesian,none,Robinson_2012
posterior-811,STATE_4150000,posterior.trees,true,sample,bayesian,none,Robinson_2012
posterior-812,STATE_7185000,posterior.trees,true,sample,bayesian,none,Robinson_2012
posterior-813,STATE_6601000,posterior.trees,true,sample,bayesian,none,Robinson_2012
posterior-814,STATE_2273000,posterior.trees,true,sample,bayesian,none,Robinson_2012
posterior-815,STATE_8777000,posterior.trees,true,sample,bayesian,none,Robinson_2012
posterior-816,STATE_6575000,posterior.trees,true,sample,bayesian,none,Robinson_2012
posterior-817,STATE_5541000,posterior.trees,true,sample,bayesian,none,Robinson_2012
posterior-818,STATE_7903000,posterior.trees,true,sample,bayesian,none,Robinson_2012
posterior-819,STATE_2887000,posterior.trees,true,sample,bayesian,none,Robinson_2012
posterior-820,STATE_2195000,posterior.trees,true,sample,bayesian,none,Robinson_2012
posterior-821,STATE_6167000,posterior.trees,true,sample,bayesian,none,Robinson_2012
posterior-822,STATE_8366000,posterior.trees,true,sample,bayesian,none,Robinson_2012
posterior-823,STATE_2970000,posterior.trees,true,sample,bayesian,none,Robinson_2012
posterior-824,STATE_9000000,posterior.trees,true,sample,bayesian,none,Robinson_2012
posterior-825,STATE_5332000,posterior.trees,true,sample,bayesian,none,Robinson_2012
posterior-826,STATE_8230000,posterior.trees,true,sample,bayesian,none,Robinson_2012
posterior-827,STATE_4628000,posterior.trees,true,sample,bayesian,none,Robinson_2012
posterior-828,STATE_2218000,posterior.trees,true,sample,bayesian,none,Robinson_2012
posterior-829,STATE_9363000,posterior.trees,true,sample,bayesian,none,Robinson_2012
posterior-830,STATE_6758000,posterior.trees,true,sample,bayesian,none,Robinson_2012
posterior-831,STATE_7885000,posterior.trees,true,sample,bayesian,none,Robinson_2012
posterior-832,STATE_7090000,posterior.trees,true,sample,bayesian,none,Robinson_2012
posterior-833,STATE_7980000,posterior.trees,true,sample,bayesian,none,Robinson_2012
posterior-834,STATE_1208000,posterior.trees,true,sample,bayesian,none,Robinson_2012
posterior-835,STATE_2425000,posterior.trees,true,sample,bayesian,none,Robinson_2012
posterior-836,STATE_4102000,posterior.trees,true,sample,bayesian,none,Robinson_2012
posterior-837,STATE_1081000,posterior.trees,true,sample,bayesian,none,Robinson_2012
posterior-838,STATE_5605000,posterior.trees,true,sample,bayesian,none,Robinson_2012
posterior-839,STATE_3232000,posterior.trees,true,sample,bayesian,none,Robinson_2012
posterior-840,STATE_1765000,posterior.trees,true,sample,bayesian,none,Robinson_2012
posterior-841,STATE_1972000,posterior.trees,true,sample,bayesian,none,Robinson_2012
posterior-842,STATE_5657000,posterior.trees,true,sample,bayesian,none,Robinson_2012
posterior-843,STATE_1431000,posterior.trees,true,sample,bayesian,none,Robinson_2012
posterior-844,STATE_1883000,posterior.trees,true,sample,bayesian,none,Robinson_2012
posterior-845,STATE_4448000,posterior.trees,true,sample,bayesian,none,Robinson_2012
posterior-846,STATE_6528000,posterior.trees,true,sample,bayesian,none,Robinson_2012
posterior-847,STATE_8650000,posterior.trees,true,sample,bayesian,none,Robinson_2012
posterior-848,STATE_2615000,posterior.trees,true,sample,bayesian,none,Robinson_2012
posterior-849,STATE_3204000,posterior.trees,true,sample,bayesian,none,Robinson_2012
posterior-850,STATE_9786000,posterior.trees,true,sample,bayesian,none,Robinson_2012
posterior-851,STATE_6175000,posterior.trees,true,sample,bayesian,none,Robinson_2012
posterior-852,STATE_7688000,posterior.trees,true,sample,bayesian,none,Robinson_2012
posterior-853,STATE_2128000,posterior.trees,true,sample,bayesian,none,Robinson_2012
posterior-854,STATE_2111000,posterior.trees,true,sample,bayesian,none,Robinson_2012
posterior-855,STATE_9142000,posterior.trees,true,sample,bayesian,none,Robinson_2012
posterior-856,STATE_1264000,posterior.trees,true,sample,bayesian,none,Robinson_2012
posterior-857,STATE_8755000,posterior.trees,true,sample,bayesian,none,Robinson_2012
posterior-858,STATE_5031000,posterior.trees,true,sample,bayesian,none,Robinson_2012
posterior-859,STATE_3063000,posterior.trees,true,sample,bayesian,none,Robinson_2012
posterior-860,STATE_5463000,posterior.trees,true,sample,bayesian,none,Robinson_2012
posterior-861,STATE_9687000,posterior.trees,true,sample,bayesian,none,Robinson_2012
posterior-862,STATE_7147000,posterior.trees,true,sample,bayesian,none,Robinson_2012
posterior-863,STATE_2943000,posterior.trees,true,sample,bayesian,none,Robinson_2012
posterior-864,STATE_3476000,posterior.trees,true,sample,bayesian,none,Robinson_2012
posterior-865,STATE_6253000,posterior.trees,true,sample,bayesian,none,Robinson_2012
posterior-866,STATE_9906000,posterior.trees,true,sample,bayesian,none,Robinson_2012
posterior-867,STATE_5182000,posterior.trees,true,sample,bayesian,none,Robinson_2012
posterior-868,STATE_4169000,posterior.trees,true,sample,bayesian,none,Robinson_2012
posterior-869,STATE_5072000,posterior.trees,true,sample,bayesian,none,Robinson_2012
posterior-870,STATE_2895000,posterior.trees,true,sample,bayesian,none,Robinson_2012
posterior-871,STATE_3720000,posterior.trees,true,sample,bayesian,none,Robinson_2012
posterior-872,STATE_2761000,posterior.trees,true,sample,bayesian,none,Robinson_2012
posterior-873,STATE_2717000,posterior.trees,true,sample,bayesian,none,Robinson_2012
posterior-874,STATE_8266000,posterior.trees,true,sample,bayesian,none,Robinson_2012
posterior-875,STATE_7293000,posterior.trees,true,sample,bayesian,none,Robinson_2012
posterior-876,STATE_7340000,posterior.trees,true,sample,bayesian,none,Robinson_2012
posterior-877,STATE_8062000,posterior.trees,true,sample,bayesian,none,Robinson_2012
posterior-878,STATE_5407000,posterior.trees,true,sample,bayesian,none,Robinson_2012
posterior-879,STATE_4606000,posterior.trees,true,sample,bayesian,none,Robinson_2012
posterior-880,STATE_5164000,posterior.trees,true,sample,bayesian,none,Robinson_2012
posterior-881,STATE_6537000,posterior.trees,true,sample,bayesian,none,Robinson_2012
posterior-882,STATE_4760000,posterior.trees,true,sample,bayesian,none,Robinson_2012
posterior-883,STATE_8495000,posterior.trees,true,sample,bayesian,none,Robinson_2012
posterior-884,STATE_1519000,posterior.trees,true,sample,bayesian,none,Robinson_2012
posterior-885,STATE_1343000,posterior.trees,true,sample,bayesian,none,Robinson_2012
posterior-886,STATE_4815000,posterior.trees,true,sample,bayesian,none,Robinson_2012
posterior-887,STATE_7309000,posterior.trees,true,sample,bayesian,none,Robinson_2012
posterior-888,STATE_1561000,posterior.trees,true,sample,bayesian,none,Robinson_2012
posterior-889,STATE_7652000,posterior.trees,true,sample,bayesian,none,Robinson_2012
posterior-890,STATE_1328000,posterior.trees,true,sample,bayesian,none,Robinson_2012
posterior-891,STATE_1171000,posterior.trees,true,sample,bayesian,none,Robinson_2012
posterior-892,STATE_7234000,posterior.trees,true,sample,bayesian,none,Robinson_2012
posterior-893,STATE_6976000,posterior.trees,true,sample,bayesian,none,Robinson_2012
posterior-894,STATE_8374000,posterior.trees,true,sample,bayesian,none,Robinson_2012
posterior-895,STATE_5333000,posterior.trees,true,sample,bayesian,none,Robinson_2012
posterior-896,STATE_3283000,posterior.trees,true,sample,bayesian,none,Robinson_2012
posterior-897,STATE_3802000,posterior.trees,true,sample,bayesian,none,Robinson_2012
posterior-898,STATE_6487000,posterior.trees,true,sample,bayesian,none,Robinson_2012
posterior-899,STATE_6968000,posterior.trees,true,sample,bayesian,none,Robinson_2012
posterior-900,STATE_3543000,posterior.trees,true,sample,bayesian,none,Robinson_2012
posterior-901,STATE_3765000,posterior.trees,true,sample,bayesian,none,Robinson_2012
posterior-902,STATE_6657000,posterior.trees,true,sample,bayesian,none,Robinson_2012
posterior-903,STATE_8448000,posterior.trees,true,sample,bayesian,none,Robinson_2012
posterior-904,STATE_9473000,posterior.trees,true,sample,bayesian,none,Robinson_2012
posterior-905,STATE_9184000,posterior.trees,true,sample,bayesian,none,Robinson_2012
posterior-906,STATE_3702000,posterior.trees,true,sample,bayesian,none,Robinson_2012
posterior-907,STATE_4622000,posterior.trees,true,sample,bayesian,none,Robinson_2012
posterior-908,STATE_6666000,posterior.trees,true,sample,bayesian,none,Robinson_2012
posterior-909,STATE_9106000,posterior.trees,true,sample,bayesian,none,Robinson_2012
posterior-910,STATE_8081000,posterior.trees,true,sample,bayesian,none,Robinson_2012
posterior-911,STATE_1676000,posterior.trees,true,sample,bayesian,none,Robinson_2012
posterior-912,STATE_9248000,posterior.trees,true,sample,bayesian,none,Robinson_2012
posterior-913,STATE_3377000,posterior.trees,true,sample,bayesian,none,Robinson_2012
posterior-914,STATE_8679000,posterior.trees,true,sample,bayesian,none,Robinson_2012
posterior-915,STATE_8022000,posterior.trees,true,sample,bayesian,none,Robinson_2012
posterior-916,STATE_9854000,posterior.trees,true,sample,bayesian,none,Robinson_2012
posterior-917,STATE_7013000,posterior.trees,true,sample,bayesian,none,Robinson_2012
posterior-918,STATE_1988000,posterior.trees,true,sample,bayesian,none,Robinson_2012
posterior-919,STATE_1981000,posterior.trees,true,sample,bayesian,none,Robinson_2012
posterior-920,STATE_2222000,posterior.trees,true,sample,bayesian,none,Robinson_2012
posterior-921,STATE_6097000,posterior.trees,true,sample,bayesian,none,Robinson_2012
posterior-922,STATE_4472000,posterior.trees,true,sample,bayesian,none,Robinson_2012
posterior-923,STATE_3164000,posterior.trees,true,sample,bayesian,none,Robinson_2012
posterior-924,STATE_9766000,posterior.trees,true,sample,bayesian,none,Robinson_2012
posterior-925,STATE_3477000,posterior.trees,true,sample,bayesian,none,Robinson_2012
posterior-926,STATE_3621000,posterior.trees,true,sample,bayesian,none,Robinson_2012
posterior-927,STATE_6462000,posterior.trees,true,sample,bayesian,none,Robinson_2012
posterior-928,STATE_3066000,posterior.trees,true,sample,bayesian,none,Robinson_2012
posterior-929,STATE_1899000,posterior.trees,true,sample,bayesian,none,Robinson_2012
posterior-930,STATE_1930000,posterior.trees,true,sample,bayesian,none,Robinson_2012
posterior-931,STATE_6042000,posterior.trees,true,sample,bayesian,none,Robinson_2012
posterior-932,STATE_9610000,posterior.trees,true,sample,bayesian,none,Robinson_2012
posterior-933,STATE_8130000,posterior.trees,true,sample,bayesian,none,Robinson_2012
posterior-934,STATE_4360000,posterior.trees,true,sample,bayesian,none,Robinson_2012
posterior-935,STATE_1247000,posterior.trees,true,sample,bayesian,none,Robinson_2012
posterior-936,STATE_6611000,posterior.trees,true,sample,bayesian,none,Robinson_2012
posterior-937,STATE_4725000,posterior.trees,true,sample,bayesian,none,Robinson_2012
posterior-938,STATE_8639000,posterior.trees,true,sample,bayesian,none,Robinson_2012
posterior-939,STATE_3138000,posterior.trees,true,sample,bayesian,none,Robinson_2012
posterior-940,STATE_1331000,posterior.trees,true,sample,bayesian,none,Robinson_2012
posterior-941,STATE_1884000,posterior.trees,true,sample,bayesian,none,Robinson_2012
posterior-942,STATE_6678000,posterior.trees,true,sample,bayesian,none,Robinson_2012
posterior-943,STATE_3378000,posterior.trees,true,sample,bayesian,none,Robinson_2012
posterior-944,STATE_2249000,posterior.trees,true,sample,bayesian,none,Robinson_2012
posterior-945,STATE_7072000,posterior.trees,true,sample,bayesian,none,Robinson_2012
posterior-946,STATE_6957000,posterior.trees,true,sample,bayesian,none,Robinson_2012
posterior-947,STATE_4704000,posterior.trees,true,sample,bayesian,none,Robinson_2012
posterior-948,STATE_5644000,posterior.trees,true,sample,bayesian,none,Robinson_2012
posterior-949,STATE_4907000,posterior.trees,true,sample,bayesian,none,Robinson_2012
posterior-950,STATE_1719000,posterior.trees,true,sample,bayesian,none,Robinson_2012
posterior-951,STATE_1760000,posterior.trees,true,sample,bayesian,none,Robinson_2012
posterior-952,STATE_5623000,posterior.trees,true,sample,bayesian,none,Robinson_2012
posterior-953,STATE_7016000,posterior.trees,true,sample,bayesian,none,Robinson_2012
posterior-954,STATE_3128000,posterior.trees,true,sample,bayesian,none,Robinson_2012
posterior-955,STATE_4689000,posterior.trees,true,sample,bayesian,none,Robinson_2012
posterior-956,STATE_7322000,posterior.trees,true,sample,bayesian,none,Robinson_2012
posterior-957,STATE_8740000,posterior.trees,true,sample,bayesian,none,Robinson_2012
posterior-958,STATE_2726000,posterior.trees,true,sample,bayesian,none,Robinson_2012
posterior-959,STATE_9625000,posterior.trees,true,sample,bayesian,none,Robinson_2012
posterior-960,STATE_6081000,posterior.trees,true,sample,bayesian,none,Robinson_2012
posterior-961,STATE_2083000,posterior.trees,true,sample,bayesian,none,Robinson_2012
posterior-962,STATE_7553000,posterior.trees,true,sample,bayesian,none,Robinson_2012
posterior-963,STATE_3028000,posterior.trees,true,sample,bayesian,none,Robinson_2012
posterior-964,STATE_2617000,posterior.trees,true,sample,bayesian,none,Robinson_2012
posterior-965,STATE_8534000,posterior.trees,true,sample,bayesian,none,Robinson_2012
posterior-966,STATE_1882000,posterior.trees,true,sample,bayesian,none,Robinson_2012
posterior-967,STATE_8533000,posterior.trees,true,sample,bayesian,none,Robinson_2012
posterior-968,STATE_3997000,posterior.trees,true,sample,bayesian,none,Robinson_2012
posterior-969,STATE_1777000,posterior.trees,true,sample,bayesian,none,Robinson_2012
posterior-970,STATE_3791000,posterior.trees,true,sample,bayesian,none,Robinson_2012
posterior-971,STATE_5725000,posterior.trees,true,sample,bayesian,none,Robinson_2012
posterior-972,STATE_2163000,posterior.trees,true,sample,bayesian,none,Robinson_2012
posterior-973,STATE_4542000,posterior.trees,true,sample,bayesian,none,Robinson_2012
posterior-974,STATE_5993000,posterior.trees,true,sample,bayesian,none,Robinson_2012
posterior-975,STATE_6646000,posterior.trees,true,sample,bayesian,none,Robinson_2012
posterior-976,STATE_4209000,posterior.trees,true,sample,bayesian,none,Robinson_2012
posterior-977,STATE_7164000,posterior.trees,true,sample,bayesian,none,Robinson_2012
posterior-978,STATE_9949000,posterior.trees,true,sample,bayesian,none,Robinson_2012
posterior-979,STATE_3516000,posterior.trees,true,sample,bayesian,none,Robinson_2012
posterior-980,STATE_1973000,posterior.trees,true,sample,bayesian,none,Robinson_2012
posterior-981,STATE_1228000,posterior.trees,true,sample,bayesian,none,Robinson_2012
posterior-982,STATE_5763000,posterior.trees,true,sample,bayesian,none,Robinson_2012
posterior-983,STATE_6222000,posterior.trees,true,sample,bayesian,none,Robinson_2012
posterior-984,STATE_6707000,posterior.trees,true,sample,bayesian,none,Robinson_2012
posterior-985,STATE_1936000,posterior.trees,true,sample,bayesian,none,Robinson_2012
posterior-986,STATE_2448000,posterior.trees,true,sample,bayesian,none,Robinson_2012
posterior-987,STATE_8281000,posterior.trees,true,sample,bayesian,none,Robinson_2012
posterior-988,STATE_9211000,posterior.trees,true,sample,bayesian,none,Robinson_2012
posterior-989,STATE_3633000,posterior.trees,true,sample,bayesian,none,Robinson_2012
posterior-990,STATE_7732000,posterior.trees,true,sample,bayesian,none,Robinson_2012
posterior-991,STATE_9056000,posterior.trees,true,sample,bayesian,none,Robinson_2012
posterior-992,STATE_2326000,posterior.trees,true,sample,bayesian,none,Robinson_2012
posterior-993,STATE_7677000,posterior.trees,true,sample,bayesian,none,Robinson_2012
posterior-994,STATE_9808000,posterior.trees,true,sample,bayesian,none,Robinson_2012
posterior-995,STATE_2479000,posterior.trees,true,sample,bayesian,none,Robinson_2012
posterior-996,STATE_7169000,posterior.trees,true,sample,bayesian,none,Robinson_2012
posterior-997,STATE_4395000,posterior.trees,true,sample,bayesian,none,Robinson_2012
posterior-998,STATE_1551000,posterior.trees,true,sample,bayesian,none,Robinson_2012
posterior-999,STATE_6376000,posterior.trees,true,sample,bayesian,none,Robinson_2012
posterior-1000,STATE_3580000,posterior.trees,true,sample,bayesian,none,Robinson_2012
